"Carimbo de data/hora","Região onde mora:","Gênero:","Escolaridade:","A formação é na área de tecnologia?","Tempo de atuação na área de tecnologia:","Área de atuação que mais se adequa para sua realidade:","Cargo que mais se adequa para a sua realidade:","Senioridade que se aplica para a sua realidade:","Faixa salarial mensal:","Modalidade de trabalho que se aplica para a sua realidade:","Modalidade de atuação que se aplica para sua realidade:","Segmento do local onde trabalha que mais se adequa as opções:","Perfil da empresa onde trabalha e tipo de alocação:","Nível de satisfação com o mercado de trabalho:"
"2026/09/22 2:15:12 PM GMT-3","Sul","Masculino cis","Superior completo","Sim","6 a 10 anos","Desenvolvimento de Software","Liderança Técnica/Gestão","Sênior","mais que 15 mil reais","Autônomo/Horista/Prestador de serviço","Remoto","Empresa de tecnologia que oferta produtos (Ex: SaaS)","Não se aplica","5"
"2026/09/22 2:20:52 PM GMT-3","Centro-Oeste","Masculino cis","Pós-graduado","Sim","mais que 10 anos","Desenvolvimento de Software","Desenvolvedor/Analista/Operacional","Sênior","mais que 15 mil reais","PJ","Remoto","Empresa de tecnologia que oferta produtos (Ex: SaaS)","Multinacional Brasileira - Alocado em time nacional","4"
"2026/09/22 2:21:09 PM GMT-3","Sul","Masculino cis","Pós-graduado","Sim","mais que 10 anos","Infraestrutura","Desenvolvedor/Analista/Operacional","Sênior","entre 8 mil a 15 mil reais","CLT","Presencial","Empresa que não é do ramo mas tem setor de tecnologia","Nacional","3"
"2026/09/22 2:22:46 PM GMT-3","Sul","Masculino cis","Mestre","Sim","mais que 10 anos","Ciência de Dados/BI/IA","C-level/Diretor","Sênior","entre 8 mil a 15 mil reais","CLT","Presencial","Empresa de tecnologia que oferta produtos (Ex: SaaS)","Nacional","5"
"2026/09/22 2:23:26 PM GMT-3","Sudeste","Masculino cis","Pós-graduado","Sim","mais que 10 anos","Desenvolvimento de Software","Desenvolvedor/Analista/Operacional","Sênior","mais que 15 mil reais","CLT","Remoto","Empresa de tecnologia que oferta produtos (Ex: SaaS)","Multinacional Estrangeira - Alocado em time com estrangeiros","4"
"2026/09/22 2:24:03 PM GMT-3","Sudeste","Masculino cis","Superior incompleto","Sim","3 a 5 anos","Desenvolvimento de Software","Desenvolvedor/Analista/Operacional","Pleno","entre 8 mil a 15 mil reais","CLT","Remoto","Empresa que não é do ramo mas tem setor de tecnologia","Nacional","5"
"2026/09/22 2:53:52 PM GMT-3","Sul","Masculino cis","Pós-graduado","Sim","mais que 10 anos","Desenvolvimento de Software","Desenvolvedor/Analista/Operacional","Sênior","entre 8 mil a 15 mil reais","CLT","Remoto","Empresa que não é do ramo mas tem setor de tecnologia","Nacional","2"
"2026/09/22 2:55:58 PM GMT-3","Sul","Masculino cis","Superior completo","Sim","6 a 10 anos","Desenvolvimento de Software","Liderança Técnica/Gestão","Sênior","entre 5 mil a 8 mil reais","CLT","Presencial","Empresa de tecnologia que oferta produtos (Ex: SaaS)","Nacional","5"
"2026/09/22 2:57:25 PM GMT-3","Sul","Feminino cis","Pós-graduado","Não","0 a 2 anos","Ciência de Dados/BI/IA","Desenvolvedor/Analista/Operacional","Júnior","entre 2 mil a 5 mil reais","CLT","Presencial","Empresa que não é do ramo mas tem setor de tecnologia","Nacional","4"
"2026/09/22 2:59:17 PM GMT-3","Sul","Masculino cis","Superior completo","Sim","3 a 5 anos","Desenvolvimento de Software","Desenvolvedor/Analista/Operacional","Pleno","entre 8 mil a 15 mil reais","PJ","Híbrido","Empresa que não é do ramo mas tem setor de tecnologia","Nacional","4"
"2026/09/22 3:02:46 PM GMT-3","Sul","Masculino cis","Superior completo","Sim","6 a 10 anos","Desenvolvimento de Software","Desenvolvedor/Analista/Operacional","Pleno","entre 2 mil a 5 mil reais","CLT","Híbrido","Empresa de tecnologia que oferta serviços (Ex: Consultoria)","Nacional","3"
"2026/09/22 3:04:44 PM GMT-3","Sul","Masculino cis","Superior completo","Sim","0 a 2 anos","Desenvolvimento de Software","Desenvolvedor/Analista/Operacional","Pleno","entre 5 mil a 8 mil reais","CLT","Híbrido","Empresa que não é do ramo mas tem setor de tecnologia","Multinacional Brasileira - Alocado em time nacional","3"
"2026/09/22 3:14:41 PM GMT-3","Sul","Masculino cis","Superior completo","Não","mais que 10 anos","Desenvolvimento de Software","Liderança Técnica/Gestão","Especialista","mais que 15 mil reais","CLT","Remoto","Empresa de tecnologia que oferta serviços (Ex: Consultoria)","Multinacional Brasileira - Alocado em time nacional","4"
"2026/09/22 3:41:59 PM GMT-3","Sul","Masculino cis","Superior completo","Sim","0 a 2 anos","Desenvolvimento de Software","Desenvolvedor/Analista/Operacional","Júnior","entre 2 mil a 5 mil reais","PJ","Remoto","Empresa de tecnologia que oferta serviços (Ex: Consultoria)","Multinacional Brasileira - Alocado em time com estrangeiros","5"
"2026/09/22 3:50:55 PM GMT-3","Sul","Masculino cis","Superior completo","Sim","0 a 2 anos","Desenvolvimento de Software","Desenvolvedor/Analista/Operacional","Júnior","entre 2 mil a 5 mil reais","PJ","Presencial","Empresa de tecnologia que oferta serviços (Ex: Consultoria)","Nacional","3"
"2026/09/22 4:14:54 PM GMT-3","Sul","Masculino cis","Mestre","Sim","mais que 10 anos","Desenvolvimento de Software","Desenvolvedor/Analista/Operacional","Sênior","entre 5 mil a 8 mil reais","CLT","Remoto","Empresa de tecnologia que oferta serviços (Ex: Consultoria)","Multinacional Estrangeira - Alocado em time com estrangeiros","5"
"2026/09/22 6:35:23 PM GMT-3","Sul","Masculino cis","Pós-graduado","Sim","mais que 10 anos","Desenvolvimento de Software","Desenvolvedor/Analista/Operacional","Sênior","entre 8 mil a 15 mil reais","CLT","Remoto","Empresa de tecnologia que oferta serviços (Ex: Consultoria)","Multinacional Estrangeira - Alocado em time com estrangeiros","1"
"2026/09/23 1:05:03 AM GMT-3","Sul","Masculino cis","Mestre","Sim","mais que 10 anos","Teste e Qualidade de Software","Desenvolvedor/Analista/Operacional","Pleno","entre 5 mil a 8 mil reais","CLT","Remoto","Empresa de tecnologia que oferta produtos (Ex: SaaS)","Nacional","5"
"2026/09/23 9:27:15 AM GMT-3","Fora do Brasil","Masculino cis","Superior completo","Sim","mais que 10 anos","Desenvolvimento de Software","Desenvolvedor/Analista/Operacional","Especialista","mais que 15 mil reais","PJ","Remoto","Empresa de tecnologia que oferta produtos (Ex: SaaS)","Multinacional Estrangeira - Alocado em time com estrangeiros","5"
"2026/09/23 9:47:48 AM GMT-3","Sul","Masculino cis","Superior completo","Sim","mais que 10 anos","Desenvolvimento de Software","Desenvolvedor/Analista/Operacional","Especialista","mais que 15 mil reais","PJ","Remoto","Empresa de tecnologia que oferta produtos (Ex: SaaS)","Multinacional Estrangeira - Alocado em time nacional","2"
"2026/09/23 9:58:39 AM GMT-3","Sul","Masculino cis","Pós-graduado","Sim","mais que 10 anos","Desenvolvimento de Software","Liderança Técnica/Gestão","Especialista","entre 8 mil a 15 mil reais","CLT","Remoto","Empresa de tecnologia que oferta serviços (Ex: Consultoria)","Multinacional Estrangeira - Alocado em time nacional","4"
"2026/09/23 10:37:10 AM GMT-3","Sul","Masculino cis","Superior incompleto","Sim","0 a 2 anos","Outros","Desenvolvedor/Analista/Operacional","Júnior","entre 2 mil a 5 mil reais","PJ","Remoto","Empresa que não é do ramo mas tem setor de tecnologia","Nacional","4"
"2026/09/23 10:38:15 AM GMT-3","Sudeste","Masculino cis","Superior incompleto","Sim","0 a 2 anos","Infraestrutura","Desenvolvedor/Analista/Operacional","Estagiário/Trainee","até 2 mil reais","Estágio/Bolsa","Presencial","Empresa de tecnologia que oferta produtos (Ex: SaaS)","Nacional","3"
"2026/09/23 10:43:16 AM GMT-3","Sul","Feminino cis","Superior incompleto","Não","6 a 10 anos","Outros","Desenvolvedor/Analista/Operacional","Pleno","entre 2 mil a 5 mil reais","CLT","Remoto","Empresa de tecnologia que oferta serviços (Ex: Consultoria)","Multinacional Brasileira - Alocado em time com estrangeiros","4"
"2026/09/23 10:59:06 AM GMT-3","Sul","Feminino cis","Pós-graduado","Sim","0 a 2 anos","Desenvolvimento de Software","Desenvolvedor/Analista/Operacional","Não se aplica","entre 8 mil a 15 mil reais","CLT","Presencial","Empresa que não é do ramo mas tem setor de tecnologia","Não se aplica","3"
"2026/09/23 11:04:19 AM GMT-3","Sul","Masculino cis","Pós-graduado","Sim","mais que 10 anos","Desenvolvimento de Software","Desenvolvedor/Analista/Operacional","Sênior","mais que 15 mil reais","CLT","Remoto","Empresa que não é do ramo mas tem setor de tecnologia","Nacional","5"
"2026/09/23 11:05:35 AM GMT-3","Sul","Masculino cis","Pós-graduado","Sim","6 a 10 anos","Outros","Desenvolvedor/Analista/Operacional","Sênior","Variável","Autônomo/Horista/Prestador de serviço","Remoto","Empresa de tecnologia que oferta serviços (Ex: Consultoria)","Não se aplica","4"
"2026/09/23 11:08:49 AM GMT-3","Sul","Masculino cis","Pós-graduado","Sim","mais que 10 anos","Desenvolvimento de Software","Liderança Técnica/Gestão","Especialista","mais que 15 mil reais","CLT","Remoto","Empresa de tecnologia que oferta serviços (Ex: Consultoria)","Multinacional Estrangeira - Alocado em time nacional","5"
"2026/09/23 11:38:32 AM GMT-3","Sul","Feminino cis","Pós-graduado","Sim","3 a 5 anos","Desenvolvimento de Software","Empreendedor","Especialista","Variável","PJ","Híbrido","Empresa de tecnologia que oferta serviços (Ex: Consultoria)","Nacional","5"
"2026/09/23 8:13:15 PM GMT-3","Sul","Feminino cis","Superior incompleto","Sim","3 a 5 anos","Desenvolvimento de Software","Desenvolvedor/Analista/Operacional","Pleno","entre 2 mil a 5 mil reais","CLT","Presencial","Empresa de tecnologia que oferta produtos (Ex: SaaS)","Nacional","2"
"2026/09/23 8:14:12 PM GMT-3","Sul","Feminino cis","Superior completo","Não","6 a 10 anos","Ciência de Dados/BI/IA","Desenvolvedor/Analista/Operacional","Sênior","entre 5 mil a 8 mil reais","CLT","Remoto","Empresa de tecnologia que oferta produtos (Ex: SaaS)","Nacional","5"
"2026/09/24 7:58:00 AM GMT-3","Sul","Masculino cis","Superior incompleto","Sim","3 a 5 anos","Desenvolvimento de Software","Desenvolvedor/Analista/Operacional","Júnior","entre 2 mil a 5 mil reais","PJ","Remoto","Empresa de tecnologia que oferta serviços (Ex: Consultoria)","Multinacional Estrangeira - Alocado em time nacional","4"
"2026/09/24 8:19:06 AM GMT-3","Sul","Masculino cis","Mestre","Não","mais que 10 anos","Ciência de Dados/BI/IA","Empreendedor","Especialista","entre 8 mil a 15 mil reais","PJ","Híbrido","Empresa de tecnologia que oferta produtos (Ex: SaaS)","Multinacional Brasileira - Alocado em time nacional","5"
"2026/09/24 8:29:52 AM GMT-3","Sul","Masculino cis","Mestre","Sim","mais que 10 anos","Infraestrutura","Liderança Técnica/Gestão","Pleno","entre 8 mil a 15 mil reais","CLT","Presencial","Empresa que não é do ramo mas tem setor de tecnologia","Nacional","4"
"2026/09/24 8:34:35 AM GMT-3","Sul","Masculino cis","Pós-graduado","Sim","mais que 10 anos","Desenvolvimento de Software","Liderança Técnica/Gestão","Sênior","mais que 15 mil reais","CLT","Remoto","Empresa que não é do ramo mas tem setor de tecnologia","Nacional","5"
"2026/09/24 8:34:54 AM GMT-3","Sul","Masculino cis","Doutor/Pós-doutor","Sim","mais que 10 anos","Ciência de Dados/BI/IA","Liderança Técnica/Gestão","Sênior","entre 8 mil a 15 mil reais","CLT","Híbrido","Empresa que não é do ramo mas tem setor de tecnologia","Não se aplica","4"
"2026/09/24 8:53:02 AM GMT-3","Sul","Masculino cis","Pós-graduado","Não","mais que 10 anos","Outros","Liderança Técnica/Gestão","Sênior","entre 2 mil a 5 mil reais","Autônomo/Horista/Prestador de serviço","Presencial","Empresa de tecnologia que oferta serviços (Ex: Consultoria)","Nacional","4"
"2026/09/24 9:05:00 AM GMT-3","Sul","Masculino cis","Pós-graduado","Sim","6 a 10 anos","Cybersegurança","Liderança Técnica/Gestão","Especialista","mais que 15 mil reais","CLT","Remoto","Empresa que não é do ramo mas tem setor de tecnologia","Nacional","3"
"2026/09/24 9:11:41 AM GMT-3","Sul","Masculino cis","Pós-graduado","Sim","mais que 10 anos","Infraestrutura","Liderança Técnica/Gestão","Especialista","entre 5 mil a 8 mil reais","CLT","Presencial","Empresa que não é do ramo mas tem setor de tecnologia","Multinacional Brasileira - Alocado em time nacional","3"
"2026/09/24 9:12:19 AM GMT-3","Sul","Masculino cis","Mestre","Sim","mais que 10 anos","Infraestrutura","Liderança Técnica/Gestão","Sênior","entre 8 mil a 15 mil reais","CLT","Híbrido","Empresa que não é do ramo mas tem setor de tecnologia","Nacional","4"
"2026/09/24 9:14:53 AM GMT-3","Sul","Masculino cis","Pós-graduado","Sim","6 a 10 anos","Desenvolvimento de Software","Desenvolvedor/Analista/Operacional","Pleno","entre 8 mil a 15 mil reais","CLT","Remoto","Empresa de tecnologia que oferta produtos (Ex: SaaS)","Multinacional Estrangeira - Alocado em time nacional","3"
"2026/09/24 9:25:33 AM GMT-3","Sul","Masculino cis","Superior incompleto","Sim","mais que 10 anos","Cybersegurança","Desenvolvedor/Analista/Operacional","Especialista","mais que 15 mil reais","CLT","Remoto","Empresa de tecnologia que oferta produtos (Ex: SaaS)","Multinacional Brasileira - Alocado em time com estrangeiros","5"
"2026/09/24 9:49:42 AM GMT-3","Norte","Feminino trans","Pós-graduado","Sim","3 a 5 anos","Teste e Qualidade de Software","Desenvolvedor/Analista/Operacional","Pleno","mais que 15 mil reais","PJ","Remoto","Empresa de tecnologia que oferta serviços (Ex: Consultoria)","Multinacional Brasileira - Alocado em time com estrangeiros","4"
"2026/09/24 11:43:41 AM GMT-3","Sul","Masculino cis","Pós-graduado","Sim","6 a 10 anos","Desenvolvimento de Software","Liderança Técnica/Gestão","Especialista","mais que 15 mil reais","CLT","Presencial","Empresa que não é do ramo mas tem setor de tecnologia","Nacional","4"
"2026/09/24 3:48:22 PM GMT-3","Sul","Masculino cis","Superior incompleto","Sim","0 a 2 anos","Desenvolvimento de Software","Desenvolvedor/Analista/Operacional","Estagiário/Trainee","até 2 mil reais","Estágio/Bolsa","Presencial","Empresa que não é do ramo mas tem setor de tecnologia","Nacional","2"
"2026/09/24 4:06:07 PM GMT-3","Sul","Masculino cis","Superior completo","Sim","mais que 10 anos","Desenvolvimento de Software","Desenvolvedor/Analista/Operacional","Sênior","entre 8 mil a 15 mil reais","PJ","Híbrido","Empresa de tecnologia que oferta produtos (Ex: SaaS)","Nacional","5"
"2026/09/25 2:38:15 PM GMT-3","Sul","Masculino cis","Pós-graduado","Sim","mais que 10 anos","Desenvolvimento de Software","Empreendedor","Sênior","entre 8 mil a 15 mil reais","CLT","Híbrido","Empresa de tecnologia que oferta serviços (Ex: Consultoria)","Nacional","5"
"2026/09/26 9:13:03 AM GMT-3","Sul","Masculino cis","Superior completo","Sim","mais que 10 anos","Outros","Desenvolvedor/Analista/Operacional","Pleno","entre 5 mil a 8 mil reais","CLT","Presencial","Outro","Nacional","3"